Улица,Дом,Расстояние до центра (км),Площадь (кв. м),Количество комнат,Метраж жилой площади (кв. м),Этаж,Наличие лифта,Санузел,Кухня студия,Цена в месяц (тыс. тг),Дата аренды,Имя владельца,Контактный номер
Абая,Дом 1,,82.72789269997821,1,38.13298288052657,12,нет,раздельный,нет,150.0,2023-03-07,Бисембай,8710-912-9018
Мангилик,Дом 2,6.0,59.0004215814836,4,74.13241289764865,4,нет,,нет,115.0,2022-12-09,Сарсенбай,8837-908-8846
Абая,Дом 3,,75.08597703641713,1,52.81889226767231,11,да,совместный,да,84.0,2023-03-09,Дуйсенбай,8813-632-9283
Саина,Дом 4,,111.77228087772146,2,38.95955414702047,11,да,раздельный,нет,187.0,2022-12-12,Сенбай,8738-232-4092
Кылышбаевна,Дом 5,4.0,109.71340721561204,3,49.955585603888096,4,да,совместный,да,118.0,2023-02-08,Бисембай,8780-302-6674
Кылышбаевна,Дом 6,4.0,73.50852157786507,2,60.90738267314133,18,да,,да,,2023-08-25,Жумабай,8736-282-3860
Абая,Дом 7,2.0,90.00512302279773,2,73.39990725153011,16,да,раздельный,да,170.0,2023-11-10,Дуйсенбай,8805-998-4456
Саина,Дом 8,9.0,102.14652569819393,2,57.58067218257149,14,нет,,да,94.0,2023-05-17,Бисембай,8783-663-4075
Мангилик,Дом 9,5.0,104.89172501517145,4,54.87600065526012,16,нет,раздельный,да,95.0,2023-04-01,Жумабай,8894-268-1901
Саина,Дом 10,10.0,112.88360677887243,3,37.44170256966101,19,да,совместный,нет,184.0,2023-11-02,Сарсенбай,8974-340-5843
Абая,Дом 11,8.0,58.4603095995567,1,79.62735360467224,5,нет,раздельный,нет,175.0,2023-11-03,Жумабай,8788-211-4945
Абульхаирхана,Дом 12,8.0,104.6160179821674,3,76.45838656340486,6,нет,совместный,нет,95.0,2023-01-12,Бисембай,8801-664-3197
Абульхаирхана,Дом 13,,78.43435921372969,2,78.0131007290473,17,да,,нет,150.0,2023-04-03,Бисембай,8743-524-2648
Мангилик,Дом 14,1.0,74.57670786069457,4,33.67357462219097,6,да,,да,173.0,2023-11-11,Жумабай,8915-779-4078
Мангилик,Дом 15,7.0,109.60509470715594,3,71.03433679305468,14,да,,нет,147.0,2022-12-21,Жумабай,8913-987-8736
Абульхаирхана,Дом 16,3.0,113.00071600476448,4,59.434276172764015,12,нет,совместный,да,,2023-05-06,Дуйсенбай,8740-703-9746
Абульхаирхана,Дом 17,1.0,77.34359356049826,1,66.16832792408765,8,нет,совместный,нет,147.0,2023-10-21,Жумабай,8899-364-7568
Саина,Дом 18,8.0,61.61984417344017,2,36.02511432729899,8,нет,раздельный,да,164.0,2023-07-29,Сенбай,8917-137-3437
Абульхаирхана,Дом 19,3.0,57.23748250205765,4,52.30765649253016,16,да,раздельный,нет,174.0,2023-07-07,Бисембай,8703-999-2960
Кылышбаевна,Дом 20,,60.28975634585011,2,57.37801468762524,3,нет,,да,,2023-07-28,Бисембай,8846-576-5996
Кылышбаевна,Дом 21,10.0,78.63537223610874,1,77.15738147157084,11,нет,раздельный,да,,2023-04-07,Жумабай,8715-257-3296
Абая,Дом 22,5.0,47.56991864171604,4,53.33845287770333,5,да,раздельный,да,183.0,2023-03-29,Сарсенбай,8767-967-1729
Кылышбаевна,Дом 23,4.0,85.7269445910389,3,66.74654273598104,14,да,совместный,да,75.0,2022-12-24,Дуйсенбай,8949-904-1258
Абульхаирхана,Дом 24,4.0,81.94157309062643,2,70.45679560468756,7,нет,раздельный,да,186.0,2023-01-15,Сарсенбай,8836-517-9326
Мангилик,Дом 25,,103.3884980876162,3,70.83664973962337,3,да,раздельный,нет,,2023-04-22,Жумабай,8725-475-9667
Саина,Дом 26,3.0,59.63829386731926,4,30.626353067379306,11,да,раздельный,да,105.0,2023-03-17,Сенбай,8714-616-3486
Абая,Дом 27,10.0,50.3473484036594,2,44.87939270439183,20,нет,раздельный,да,113.0,2023-03-04,Жумабай,8741-701-5398
Мангилик,Дом 28,1.0,77.96992565395713,2,78.5082985472975,6,нет,совместный,нет,64.0,2023-04-14,Жумабай,8903-555-7844
Саина,Дом 29,,49.27805123357688,4,57.61346779444531,11,нет,совместный,да,61.0,2022-12-01,Бисембай,8754-597-7939
Абая,Дом 30,6.0,112.8111905773171,1,48.9788498158221,1,нет,раздельный,нет,134.0,2023-06-05,Бисембай,8846-231-9113
Абая,Дом 31,2.0,54.79452130878615,3,54.68507655548995,5,да,,нет,77.0,2023-07-12,Жумабай,8873-419-9140
Мангилик,Дом 32,8.0,111.27490302010708,4,42.06882947879527,3,да,раздельный,нет,,2023-06-13,Сарсенбай,8731-639-3009
Мангилик,Дом 33,,59.8892010226906,4,67.71814174890645,13,да,совместный,да,199.0,2023-07-11,Жумабай,8930-403-4593
Абая,Дом 34,3.0,73.95166178552714,1,39.336666334673744,6,да,совместный,да,165.0,2023-08-30,Сенбай,8728-369-7914
Абая,Дом 35,5.0,52.44014042791083,1,77.90996977382088,18,нет,совместный,да,189.0,2023-10-22,Дуйсенбай,8974-631-6787
Кылышбаевна,Дом 36,8.0,45.6173141070824,4,48.76486836136371,15,да,совместный,да,,2023-08-07,Бисембай,8873-939-7782
Абая,Дом 37,10.0,76.13088748408131,1,41.85851267163987,1,да,раздельный,нет,70.0,2023-06-14,Сарсенбай,8952-624-4819
Мангилик,Дом 38,3.0,54.35247250362173,1,67.31811833745289,5,да,,нет,176.0,2023-10-30,Дуйсенбай,8771-924-6625
Абульхаирхана,Дом 39,3.0,56.46658435550848,3,75.56128133173056,2,нет,раздельный,нет,106.0,2023-05-19,Сарсенбай,8989-228-5358
Абульхаирхана,Дом 40,,93.4944954204792,2,72.35823029225196,19,да,совместный,да,80.0,2022-11-26,Бисембай,8814-120-6194
Абульхаирхана,Дом 41,6.0,52.29662442256949,2,33.03100273806275,1,да,раздельный,нет,163.0,2023-06-16,Бисембай,8755-792-6489
Абульхаирхана,Дом 42,,102.0237010690266,4,61.24189460345991,7,да,совместный,нет,106.0,2022-12-19,Сарсенбай,8907-143-9284
Мангилик,Дом 43,8.0,43.09243563023824,3,46.19687532655371,4,да,совместный,нет,127.0,2022-12-11,Жумабай,8730-567-4448
Саина,Дом 44,9.0,63.63020278158408,1,60.798026473604544,6,нет,совместный,да,181.0,2023-10-23,Дуйсенбай,8711-483-2244
Кылышбаевна,Дом 45,6.0,80.79449329581666,4,58.14747916347498,18,нет,совместный,нет,166.0,2023-06-21,Сарсенбай,8872-780-6858
Мангилик,Дом 46,3.0,61.00199596361279,4,48.1679733937394,5,да,совместный,нет,74.0,2023-07-30,Сарсенбай,8820-666-6903
Саина,Дом 47,7.0,70.33336700434833,4,70.26379423200234,9,нет,совместный,нет,117.0,2023-06-26,Дуйсенбай,8835-834-5858
Мангилик,Дом 48,6.0,84.26339826519092,2,64.87792588589954,10,нет,,да,76.0,2023-10-30,Дуйсенбай,8705-430-7457
Саина,Дом 49,5.0,55.63463876268336,3,51.21489909778804,6,нет,раздельный,да,196.0,2023-05-13,Сенбай,8940-729-7354
Кылышбаевна,Дом 50,1.0,98.48569885327704,2,71.08493906872232,17,нет,совместный,да,100.0,2023-03-11,Бисембай,8978-483-1722
Абульхаирхана,Дом 51,4.0,111.00694411527516,4,62.39318738648196,11,да,раздельный,да,176.0,2023-04-20,Бисембай,8896-925-6262
Кылышбаевна,Дом 52,,76.5850045703732,1,74.82476444389295,8,да,раздельный,нет,81.0,2023-07-19,Сенбай,8831-492-9223
Саина,Дом 53,1.0,51.84650258934191,1,45.08102846821984,1,да,совместный,да,125.0,2022-12-12,Бисембай,8900-292-7352
Саина,Дом 54,4.0,108.436003837471,2,50.42923492801894,13,нет,раздельный,нет,54.0,2023-08-24,Дуйсенбай,8891-565-5042
Саина,Дом 55,6.0,69.68802746887566,2,62.6396773283364,2,да,,нет,138.0,2023-08-04,Сарсенбай,8968-753-1476
Абая,Дом 56,4.0,113.45372401385735,4,30.240270082666584,19,нет,совместный,да,166.0,2023-01-03,Сарсенбай,8737-630-1041
Саина,Дом 57,10.0,66.18073220061044,4,56.57956233746198,20,да,раздельный,да,100.0,2023-11-13,Жумабай,8885-812-9279
Мангилик,Дом 58,5.0,117.39661389262258,3,46.67994521378216,12,нет,совместный,да,70.0,2023-07-17,Дуйсенбай,8702-546-1355
Саина,Дом 59,3.0,40.393930761509125,4,55.31191785941196,1,нет,раздельный,нет,63.0,2023-05-09,Дуйсенбай,8748-273-6361
Абая,Дом 60,3.0,64.61075295861994,4,31.975979445722704,10,нет,раздельный,да,68.0,2023-01-18,Сенбай,8804-888-5945
Абульхаирхана,Дом 61,1.0,109.46409699597736,1,49.87335856395564,1,нет,совместный,нет,,2023-08-09,Жумабай,8940-380-3262
Мангилик,Дом 62,,92.4105160419358,4,38.63709140215491,4,нет,раздельный,нет,,2023-03-30,Жумабай,8847-721-6032
Абульхаирхана,Дом 63,,57.14734699194792,4,40.58648545101956,8,нет,,нет,,2023-08-11,Сарсенбай,8733-284-4739
Мангилик,Дом 64,,96.10796444802848,1,42.32136221576508,6,да,совместный,нет,121.0,2023-03-26,Сенбай,8948-391-9261
Мангилик,Дом 65,,67.47897773325397,2,32.29847206451747,2,да,совместный,да,,2023-02-12,Дуйсенбай,8808-565-7767
Мангилик,Дом 66,,99.43925172911672,4,43.8474195034645,10,да,раздельный,нет,194.0,2023-04-28,Сенбай,8836-957-8380
Абульхаирхана,Дом 67,7.0,94.22786809657534,1,50.2834842231354,7,нет,раздельный,да,,2023-01-28,Жумабай,8704-793-4196
Саина,Дом 68,1.0,48.80278211048462,4,41.509549454605285,14,нет,совместный,да,78.0,2023-06-02,Сарсенбай,8999-153-6902
Саина,Дом 69,,72.53822247264792,3,46.21153243215386,12,нет,совместный,да,98.0,2023-03-07,Дуйсенбай,8927-420-5208
Абая,Дом 70,3.0,102.51930695809328,4,64.55910222039373,5,да,раздельный,нет,69.0,2023-06-04,Сенбай,8771-242-4058
Абульхаирхана,Дом 71,10.0,68.00738184201498,3,59.16857279755431,3,да,совместный,да,102.0,2022-12-28,Дуйсенбай,8878-522-6731
Абая,Дом 72,8.0,97.09641842095051,4,68.23220574867067,15,да,раздельный,да,143.0,2023-03-04,Бисембай,8907-843-4688
Мангилик,Дом 73,,43.28139005989074,1,33.008064555759894,3,да,совместный,да,165.0,2023-05-25,Сенбай,8847-258-5586
Абая,Дом 74,7.0,75.08952144929098,2,45.05014589207308,10,да,совместный,да,123.0,2023-09-10,Сенбай,8820-962-1874
Мангилик,Дом 75,9.0,113.53265052995906,1,44.32410890087891,9,да,раздельный,нет,162.0,2023-07-22,Жумабай,8738-970-1232
Абая,Дом 76,3.0,46.77626611241951,4,47.1751434858792,8,нет,раздельный,да,110.0,2023-01-11,Сенбай,8848-179-5297
Кылышбаевна,Дом 77,6.0,41.11711940156259,2,67.50676484594652,18,нет,раздельный,да,56.0,2023-01-27,Бисембай,8763-464-5353
Абульхаирхана,Дом 78,,100.94819558461242,3,44.50685318455213,17,нет,совместный,нет,63.0,2023-10-29,Бисембай,8950-986-8912
Саина,Дом 79,4.0,112.41267420918646,3,44.53033555656562,6,да,совместный,да,58.0,2023-11-13,Сарсенбай,8863-769-6910
Саина,Дом 80,,80.20359704332768,3,40.55645004534723,5,да,раздельный,нет,76.0,2023-04-20,Сарсенбай,8930-104-2645
Мангилик,Дом 81,5.0,108.42694423086536,1,38.54636651153435,18,нет,раздельный,да,56.0,2023-07-18,Бисембай,8930-240-9541
Мангилик,Дом 82,2.0,47.569312577075664,3,41.7544327817736,7,нет,,нет,71.0,2023-05-19,Сенбай,8809-197-6540
Кылышбаевна,Дом 83,7.0,93.6512200132541,2,71.44136918878836,12,нет,раздельный,да,66.0,2023-09-29,Сарсенбай,8777-231-3045
Абульхаирхана,Дом 84,3.0,68.39768160016847,1,47.20312050641793,16,нет,раздельный,нет,197.0,2023-10-08,Сенбай,8828-819-9794
Кылышбаевна,Дом 85,5.0,88.91067976305547,3,45.99223289191154,16,нет,совместный,да,91.0,2023-05-19,Сарсенбай,8988-973-1942
Абая,Дом 86,,97.37440080805509,1,74.43635145556277,15,нет,совместный,нет,162.0,2023-11-14,Жумабай,8801-639-3651
Абая,Дом 87,7.0,45.92109622474744,2,75.95283700129681,6,нет,,нет,149.0,2022-12-12,Жумабай,8904-167-4013
Мангилик,Дом 88,2.0,70.11554567803435,2,33.88120368463438,5,нет,раздельный,нет,130.0,2023-07-26,Дуйсенбай,8729-412-8891
Абульхаирхана,Дом 89,7.0,109.27269845249604,3,54.80583082524163,6,да,совместный,да,66.0,2023-01-30,Сарсенбай,8804-874-8272
Саина,Дом 90,7.0,108.18766663459007,3,74.20079621039194,12,да,раздельный,да,108.0,2023-11-19,Сарсенбай,8817-816-9733
Саина,Дом 91,2.0,117.85763909233916,3,47.8707003987753,3,да,совместный,да,104.0,2023-07-23,Дуйсенбай,8959-296-8564
Абульхаирхана,Дом 92,,69.89818853183006,3,65.26739918321053,3,да,совместный,нет,58.0,2023-04-11,Дуйсенбай,8903-221-2110
Саина,Дом 93,,100.54115533405576,1,66.29947289391829,1,нет,раздельный,нет,191.0,2023-04-04,Сенбай,8937-587-8162
Кылышбаевна,Дом 94,,96.22538511894352,4,65.16221214704869,17,да,раздельный,да,190.0,2023-08-26,Дуйсенбай,8748-425-1083
Абая,Дом 95,,79.06970347723473,3,74.45834724661952,5,нет,совместный,нет,,2023-05-11,Бисембай,8970-893-8502
Абая,Дом 96,7.0,72.0006601412289,4,61.08400039905905,18,нет,раздельный,да,162.0,2023-09-09,Сенбай,8969-781-4315
Абульхаирхана,Дом 97,7.0,53.54825318400631,4,59.70202976281495,19,да,раздельный,да,119.0,2023-10-16,Дуйсенбай,8801-694-5634
Кылышбаевна,Дом 98,6.0,103.49742679722551,2,31.945933273939616,2,нет,раздельный,да,94.0,2023-08-22,Сарсенбай,8983-951-9974
Саина,Дом 99,7.0,47.89035342407789,4,32.598458998441856,10,да,раздельный,да,72.0,2023-10-28,Бисембай,8861-620-1497
Абая,Дом 100,,114.21157847887888,3,59.89874778656908,11,нет,совместный,да,67.0,2023-01-07,Жумабай,8998-654-8260
Абая,Дом 101,3.0,55.30864082358124,2,43.811302905011445,20,да,совместный,нет,186.0,2023-05-12,Жумабай,8819-586-6803
Абая,Дом 102,,118.2646014293842,4,48.17806837711424,1,да,совместный,да,86.0,2023-07-21,Жумабай,8944-560-2053
Абульхаирхана,Дом 103,4.0,118.96381353700144,2,67.65628201357114,18,нет,совместный,да,144.0,2023-06-06,Сарсенбай,8819-308-8655
Абульхаирхана,Дом 104,10.0,83.32248987232583,3,75.58100446359202,5,да,раздельный,нет,150.0,2023-06-19,Жумабай,8996-416-9208
Мангилик,Дом 105,2.0,93.21015849088002,2,31.362740778012515,9,да,раздельный,да,135.0,2023-01-25,Сарсенбай,8925-708-4667
Абая,Дом 106,3.0,51.821239763697776,2,38.80511564352447,17,да,раздельный,да,145.0,2023-05-28,Жумабай,8769-429-9179
Саина,Дом 107,6.0,100.0286137373039,3,74.76971588536502,14,нет,,нет,137.0,2023-06-11,Жумабай,8800-773-1838
Абая,Дом 108,1.0,45.3011671551678,1,73.00461643389156,12,да,совместный,да,154.0,2023-05-29,Сарсенбай,8865-486-9585
Саина,Дом 109,2.0,49.14990430284158,3,43.22658556701262,4,да,раздельный,да,88.0,2023-02-25,Жумабай,8805-841-2564
Абульхаирхана,Дом 110,6.0,41.14782615062922,3,44.32057061014348,16,нет,раздельный,да,118.0,2023-05-24,Жумабай,8797-632-9283
Саина,Дом 111,6.0,93.78406918094154,4,51.26916402625007,7,да,раздельный,да,103.0,2023-07-09,Сарсенбай,8722-936-5574
Мангилик,Дом 112,3.0,84.16962332035897,3,51.91902532406013,9,да,раздельный,нет,181.0,2023-03-27,Сарсенбай,8882-930-5980
Кылышбаевна,Дом 113,,104.74480167924834,2,33.69308512300559,4,да,,да,183.0,2023-02-26,Сарсенбай,8854-694-5043
Абульхаирхана,Дом 114,7.0,40.41579261816725,3,55.2046590170741,11,нет,раздельный,да,91.0,2023-06-04,Бисембай,8908-278-9632
Кылышбаевна,Дом 115,2.0,62.15939575192628,2,55.213444643343074,19,да,раздельный,нет,176.0,2022-12-05,Сенбай,8804-388-1765
Кылышбаевна,Дом 116,,70.90773603185234,1,36.65266173580446,1,да,раздельный,нет,163.0,2023-10-21,Бисембай,8703-842-2280
Кылышбаевна,Дом 117,8.0,49.27023241829079,3,51.11053568720232,14,нет,раздельный,нет,158.0,2023-04-23,Сенбай,8959-829-7025
Абульхаирхана,Дом 118,5.0,82.59532856903277,2,37.61746837826854,11,да,,нет,196.0,2023-01-28,Бисембай,8801-414-4231
Мангилик,Дом 119,8.0,68.32814823198963,3,36.05009924719983,2,да,совместный,да,99.0,2023-01-05,Сенбай,8879-458-1188
Абая,Дом 120,2.0,45.291542752657946,4,53.33026385014397,3,да,раздельный,нет,97.0,2023-07-12,Жумабай,8933-246-6013
Кылышбаевна,Дом 121,10.0,74.99144956889327,2,42.8673808676872,16,нет,совместный,да,186.0,2023-08-13,Дуйсенбай,8835-728-4478
Мангилик,Дом 122,9.0,95.96829438585776,1,64.02466962955313,13,нет,раздельный,нет,71.0,2023-11-19,Дуйсенбай,8711-854-5449
Мангилик,Дом 123,8.0,95.10667755526568,4,68.10487858792021,5,нет,раздельный,да,108.0,2023-10-09,Сенбай,8961-653-7079
Саина,Дом 124,,80.18127185628995,3,36.799609523237166,3,нет,раздельный,нет,125.0,2022-12-08,Жумабай,8924-624-2770
Саина,Дом 125,6.0,97.93871423862332,3,69.21756696510451,3,нет,раздельный,нет,88.0,2023-03-04,Сенбай,8735-118-2852
Мангилик,Дом 126,9.0,40.55162266687808,4,34.89937090806754,20,да,совместный,нет,98.0,2023-02-08,Сенбай,8735-613-1262
Саина,Дом 127,7.0,87.04440315440888,2,76.72704655324313,2,да,раздельный,нет,192.0,2023-03-20,Сарсенбай,8830-349-4271
Абульхаирхана,Дом 128,,61.21125138809487,1,74.3689887428352,17,да,совместный,нет,140.0,2023-07-21,Дуйсенбай,8944-645-4109
Мангилик,Дом 129,,88.1317648634034,1,31.41160320540576,5,нет,совместный,нет,,2023-03-14,Жумабай,8782-686-7271
Кылышбаевна,Дом 130,2.0,119.308077064267,4,72.15264710444262,19,да,совместный,да,114.0,2023-01-20,Дуйсенбай,8953-737-2637
Саина,Дом 131,5.0,48.04556851274701,4,58.95180381340168,18,нет,раздельный,нет,176.0,2023-09-28,Дуйсенбай,8818-704-6162
Абая,Дом 132,10.0,56.63072519593506,3,78.21126144394269,13,да,раздельный,да,84.0,2023-09-14,Дуйсенбай,8879-569-6577
Саина,Дом 133,9.0,97.85178222156595,3,42.52666329618504,1,нет,раздельный,да,194.0,2023-08-13,Сарсенбай,8927-220-5509
Абая,Дом 134,3.0,84.92169344246109,2,63.07150108845139,18,нет,,да,,2023-09-09,Сенбай,8879-360-8508
Мангилик,Дом 135,9.0,99.8377707061382,4,34.26623170807029,12,да,,да,93.0,2023-07-20,Бисембай,8905-487-2514
Абая,Дом 136,10.0,89.73399565479767,3,60.23576181241133,10,да,раздельный,нет,99.0,2023-10-10,Сенбай,8989-571-8791
Саина,Дом 137,,66.58828222709111,1,32.04024921466139,16,да,раздельный,нет,,2022-12-02,Сарсенбай,8996-467-6237
Кылышбаевна,Дом 138,3.0,72.64615478790998,2,67.66609517526436,17,да,раздельный,да,180.0,2023-01-24,Сенбай,8885-550-8577
Абульхаирхана,Дом 139,,47.735014509957736,4,78.93785120221207,6,нет,раздельный,нет,171.0,2023-03-30,Сарсенбай,8860-468-2267
Абульхаирхана,Дом 140,5.0,90.48231510587846,2,71.79301546104918,14,нет,раздельный,нет,66.0,2023-08-19,Сарсенбай,8814-399-8220
Мангилик,Дом 141,7.0,68.9648331582339,1,51.94334019827404,19,да,раздельный,да,97.0,2023-08-27,Сарсенбай,8916-994-2769
Саина,Дом 142,4.0,52.38065024370846,3,69.18178242063908,9,да,раздельный,да,89.0,2023-04-16,Жумабай,8735-205-8746
Мангилик,Дом 143,7.0,69.82257458647055,4,67.59303877663027,17,нет,совместный,да,,2022-11-30,Бисембай,8762-444-6661
Абульхаирхана,Дом 144,3.0,96.69965070555004,2,41.99073056569716,3,да,раздельный,нет,122.0,2023-10-25,Бисембай,8720-922-5643
Саина,Дом 145,6.0,63.58518439640059,4,67.17824777437717,8,нет,,да,110.0,2023-10-07,Сарсенбай,8745-137-5885
Саина,Дом 146,,75.10957346814337,3,34.59647752788311,13,нет,,да,,2023-01-03,Дуйсенбай,8723-536-4236
Абульхаирхана,Дом 147,4.0,55.22084518640142,2,62.73471989863543,20,да,совместный,нет,123.0,2023-04-21,Сарсенбай,8905-990-1938
Абая,Дом 148,,48.03120376530583,1,43.65656069793137,4,да,,да,,2023-10-09,Сенбай,8741-302-4849
Мангилик,Дом 149,5.0,59.80647178698113,3,79.16837503920058,2,нет,совместный,да,166.0,2023-06-23,Бисембай,8981-479-5112
Абульхаирхана,Дом 150,4.0,75.0049577537053,3,44.74506645541023,19,да,совместный,да,183.0,2023-04-10,Жумабай,8781-930-4378
Абульхаирхана,Дом 151,,113.9210952873312,2,71.10577555617417,3,да,совместный,нет,61.0,2023-11-06,Сенбай,8934-641-6366
Абульхаирхана,Дом 152,3.0,41.57593808927162,2,73.07602967283162,14,да,,нет,101.0,2023-04-27,Сарсенбай,8851-703-4971
Абульхаирхана,Дом 153,2.0,77.88376353732502,2,79.21759123485299,16,да,,нет,,2023-08-10,Жумабай,8878-568-7706
Мангилик,Дом 154,6.0,46.38942240735076,1,51.93173336513834,13,да,раздельный,нет,158.0,2023-03-30,Бисембай,8723-359-1582
Абульхаирхана,Дом 155,8.0,103.81968283459857,4,58.02028837829978,10,да,раздельный,нет,113.0,2023-02-10,Сенбай,8771-666-7750
Абая,Дом 156,1.0,75.54499887947303,4,32.75070413639941,17,нет,раздельный,нет,,2023-05-20,Сарсенбай,8994-176-7311
Мангилик,Дом 157,4.0,74.50398157797926,4,71.22920498987881,18,нет,совместный,да,169.0,2023-08-09,Сенбай,8784-236-6897
Кылышбаевна,Дом 158,,59.63117486102145,2,65.79390219445511,19,нет,раздельный,нет,138.0,2023-02-21,Бисембай,8783-149-1853
Саина,Дом 159,8.0,93.93085990233553,2,51.98789658151892,12,нет,раздельный,нет,,2023-03-28,Сенбай,8968-995-8736
Саина,Дом 160,4.0,79.11080357783806,2,55.45599391245728,1,нет,раздельный,да,172.0,2023-06-19,Дуйсенбай,8774-872-5476
Саина,Дом 161,,100.87830169518055,3,67.59867913061794,4,нет,совместный,да,82.0,2022-12-06,Жумабай,8853-841-9805
Абульхаирхана,Дом 162,9.0,42.04519428260554,4,59.85906817719362,7,да,раздельный,нет,90.0,2023-04-08,Бисембай,8906-149-1795
Мангилик,Дом 163,6.0,69.74685106983165,3,73.70662738894691,7,да,раздельный,нет,112.0,2023-04-03,Жумабай,8806-232-9488
Мангилик,Дом 164,7.0,82.2931815511665,3,68.0813976841323,9,нет,раздельный,нет,53.0,2023-08-23,Дуйсенбай,8734-274-2251
Мангилик,Дом 165,1.0,43.07735727580248,1,42.04785394653433,6,да,,нет,151.0,2023-02-17,Сарсенбай,8736-335-9018
Кылышбаевна,Дом 166,4.0,115.86076834871648,3,65.04323336640842,2,да,совместный,нет,61.0,2023-07-08,Бисембай,8806-786-2582
Кылышбаевна,Дом 167,,92.73078624110164,3,66.81472223623415,20,да,раздельный,да,50.0,2023-04-27,Жумабай,8751-147-5454
Саина,Дом 168,9.0,47.2444777238743,2,79.26759070229394,6,нет,совместный,нет,54.0,2023-02-23,Сарсенбай,8728-998-8255
Абульхаирхана,Дом 169,9.0,88.25718590058668,3,76.74782264502089,6,да,раздельный,нет,63.0,2023-09-11,Сенбай,8775-777-1504
Мангилик,Дом 170,6.0,45.2860889218944,1,36.7544682384307,6,да,,нет,119.0,2023-09-17,Жумабай,8804-143-7872
Кылышбаевна,Дом 171,6.0,42.10419866626906,3,36.04072656855004,2,да,раздельный,да,95.0,2023-09-26,Бисембай,8859-618-5350
Абая,Дом 172,3.0,87.29410413355235,4,56.624272063848565,16,да,раздельный,нет,145.0,2023-06-16,Дуйсенбай,8845-146-8871
Мангилик,Дом 173,1.0,101.36823082532354,3,43.482111115752296,5,да,раздельный,да,155.0,2023-10-31,Бисембай,8920-606-5142
Мангилик,Дом 174,,100.24133896597344,3,43.8300993719927,6,да,раздельный,нет,64.0,2023-06-10,Сенбай,8818-355-7514
Кылышбаевна,Дом 175,2.0,55.04237119037104,4,78.17425395442046,10,нет,совместный,да,54.0,2023-04-20,Сарсенбай,8985-544-6147
Кылышбаевна,Дом 176,8.0,44.51657624746734,2,71.23261442505952,16,нет,совместный,да,,2023-08-17,Сарсенбай,8857-308-4154
Кылышбаевна,Дом 177,2.0,53.99004370346521,4,46.80949659842052,7,да,раздельный,нет,50.0,2023-09-21,Жумабай,8719-918-2917
Мангилик,Дом 178,1.0,108.1189937392851,2,55.96305071794293,14,да,раздельный,да,77.0,2023-06-06,Дуйсенбай,8722-267-8560
Саина,Дом 179,1.0,113.4059729594326,1,58.59562662382346,6,нет,совместный,да,165.0,2023-03-14,Дуйсенбай,8966-364-2945
Абульхаирхана,Дом 180,,101.2776276452069,3,34.74086765956622,15,да,совместный,да,70.0,2023-02-17,Дуйсенбай,8918-123-6267
Абая,Дом 181,,52.28886419754801,1,40.43376507274037,2,нет,раздельный,нет,152.0,2023-06-20,Жумабай,8722-565-9998
Саина,Дом 182,,83.73176522499043,4,37.878029476135055,2,да,раздельный,нет,65.0,2023-06-08,Сенбай,8712-774-9225
Мангилик,Дом 183,2.0,65.81024393754967,1,35.004015920960896,6,да,совместный,да,155.0,2023-01-10,Дуйсенбай,8963-368-7323
Абая,Дом 184,10.0,65.9473335506864,1,63.20900737015308,6,нет,совместный,нет,193.0,2022-12-15,Жумабай,8807-599-5660
Кылышбаевна,Дом 185,5.0,111.22163410525636,4,63.44548652803524,13,нет,раздельный,нет,120.0,2023-09-09,Сарсенбай,8789-600-9405
Кылышбаевна,Дом 186,3.0,48.82090677782983,4,66.80193017154242,5,нет,совместный,нет,91.0,2023-08-30,Дуйсенбай,8995-436-6584
Мангилик,Дом 187,7.0,113.65845887272803,1,50.58865596323578,11,нет,совместный,да,82.0,2023-10-04,Жумабай,8800-677-9682
Кылышбаевна,Дом 188,8.0,73.41846133621087,1,61.26250357492098,15,да,совместный,да,,2023-06-18,Жумабай,8730-560-5366
Саина,Дом 189,5.0,94.04707932979764,2,63.30823983212458,16,нет,совместный,да,132.0,2023-09-22,Жумабай,8907-819-5769
Абульхаирхана,Дом 190,,75.15159662911373,2,55.98860981692719,13,нет,совместный,да,112.0,2022-11-28,Дуйсенбай,8792-131-5307
Кылышбаевна,Дом 191,9.0,73.90692058502397,4,65.46298319705986,2,нет,раздельный,да,142.0,2023-11-10,Дуйсенбай,8900-428-4652
Кылышбаевна,Дом 192,,115.9929697725166,2,33.044321460896384,6,да,совместный,нет,170.0,2022-12-12,Дуйсенбай,8905-597-8934
Саина,Дом 193,3.0,119.9578571158484,2,77.99620693568325,10,нет,совместный,нет,155.0,2023-05-13,Сенбай,8765-750-5833
Абая,Дом 194,4.0,67.4117890524891,3,49.70537317579786,2,да,,нет,182.0,2023-11-02,Сарсенбай,8731-504-3080
Саина,Дом 195,3.0,92.21780366604276,3,40.31615538896773,9,да,совместный,нет,164.0,2023-02-15,Бисембай,8943-115-5499
Абая,Дом 196,3.0,74.10170827770284,2,51.13285972048782,13,нет,,да,83.0,2023-03-06,Сарсенбай,8759-162-6099
Абая,Дом 197,2.0,78.8044793498434,1,69.31559766123713,2,нет,раздельный,да,,2023-01-28,Бисембай,8770-522-8898
Кылышбаевна,Дом 198,,78.09284703638369,2,65.82098718824471,12,нет,совместный,да,123.0,2023-08-06,Дуйсенбай,8713-784-1415
Абая,Дом 199,10.0,100.64579704364714,1,73.77076454718792,12,нет,раздельный,нет,109.0,2023-06-01,Дуйсенбай,8998-889-2956
Мангилик,Дом 200,,111.67471237701544,2,42.12008659587735,13,да,,нет,89.0,2023-02-06,Сенбай,8946-627-7083
